Name,Email,Subject,Comment
Emily Johnson,emily.johnson@example.com,Amazing Product!,"I just received my order, and I’m beyond impressed! The quality is excellent, and shipping was super fast. Highly recommend!"
Mark Reynolds,mark.reynolds@example.com,Delay in Delivery,"My order was supposed to arrive last week, but I still haven’t received it. Can you please check the status? Order #12345."
Sarah Thompson,sarah.thompson@example.com,Question About Sizing,"Hi, I love the design, but I’m not sure which size to get. Does this product run true to size?"
David Miller,david.miller@example.com,Poor Quality,"I was disappointed with the material. It doesn’t match the product images on the website. Can I return this for a refund?"
Jessica Lee,jessica.lee@example.com,Will This Be Back in Stock?,"I really wanted to purchase this item, but it’s sold out. Do you have an estimated restock date?"
Michael Carter,michael.carter@example.com,Fantastic Support Team!,"Your customer service is amazing! I had an issue with my order, and it was resolved within minutes. Thank you!"
Anna Roberts,anna.roberts@example.com,Promo Code Issue,"I tried using the promo code ‘SAVE20’ at checkout, but it’s not applying the discount. Can you help?"
Kevin Adams,kevin.adams@example.com,Great First Purchase,"This was my first time ordering from your store, and I’m very satisfied! Looking forward to shopping again."
Rachel Wilson,rachel.wilson@example.com,Damaged Packaging,"My order arrived, but the packaging was damaged. Luckily, the product is fine, but I thought you should know."
Tom Anderson,tom.anderson@example.com,Need to Return My Order,"I ordered the wrong size. How can I initiate a return? Please guide me through the process."
Lisa Fernandez,lisa.fernandez@example.com,Love the Product!,"Just received my package, and I love it! The fit is perfect. Thank you!"
James Parker,james.parker@example.com,Slow Website,"I had trouble checking out because your website was slow. Just a heads up!"
Olivia Harris,olivia.harris@example.com,Need More Color Options,"Do you plan to release this in more colors? I’d love to buy more."
Daniel Scott,daniel.scott@example.com,Great Deals,"I love the discounts on your site! Keep them coming."
Sophia Bennett,sophia.bennett@example.com,Wrong Item Received,"I ordered a blue shirt but got a red one. Can you assist?"
Andrew White,andrew.white@example.com,Delayed Refund,"I returned my order a week ago but haven’t received a refund yet. Please check."
Emma Collins,emma.collins@example.com,Perfect Gift,"Bought this as a gift, and they loved it! Thank you for the quick delivery."
John Carter,john.carter@example.com,Great Customer Service,"Your team was very helpful with my order issue. Appreciate the support!"
Melissa Young,melissa.young@example.com,Need More Stock,"When will you restock the medium size? I really want to buy one."
Joshua Martin,joshua.martin@example.com,Website Glitch,"I was charged twice for my order. Can you help me get a refund?"
Hannah Lewis,hannah.lewis@example.com,Great Experience,"Smooth checkout and fast delivery. Highly recommend!"
Ryan Walker,ryan.walker@example.com,Need Tracking Info,"I placed an order but haven’t received tracking details yet. Please update me."
Chloe Hall,chloe.hall@example.com,Not What I Expected,"The material is different than expected. Can I exchange it?"
Ethan Green,ethan.green@example.com,Love It!,"Best purchase ever! Thank you for the great quality and service."
Natalie Moore,natalie.moore@example.com,Fits Perfectly!,"I was worried about sizing, but it fits perfectly. Thanks!"
Brandon Nelson,brandon.nelson@example.com,Shipping Delay,"Ordered two weeks ago, but it hasn’t arrived yet. Please check the status."
Madison Clark,madison.clark@example.com,Better Than Expected!,"I wasn’t sure at first, but this exceeded my expectations. Great quality!"
Logan Adams,logan.adams@example.com,More Variety Please,"I’d love to see more styles like this!"
Victoria Bailey,victoria.bailey@example.com,Checkout Issue,"Had trouble applying my discount code. Can you refund the difference?"
Owen Martinez,owen.martinez@example.com,Not Happy,"Item arrived damaged. Please arrange for a replacement."
Zoe Ramirez,zoe.ramirez@example.com,Easy to Use Website,"Loved the smooth browsing experience!"
Henry Scott,henry.scott@example.com,Gift Packaging,"Do you offer gift wrapping options?"
Ella Richardson,ella.richardson@example.com,Missing Item,"One of the items I ordered is missing from my package. Can you send it?"
Luke Roberts,luke.roberts@example.com,Surprisingly Good,"I didn’t expect much, but this is great quality. Will buy again!"
Isabella Cooper,isabella.cooper@example.com,Loyal Customer,"I always shop here. Great service as usual!"
Jack Phillips,jack.phillips@example.com,Tracking Issues,"Tracking number isn’t updating. Can you check?"
Scarlett Evans,scarlett.evans@example.com,Item Out of Stock,"Any idea when this will be available again?"
Benjamin Torres,benjamin.torres@example.com,Product Smells Weird,"The material has a strange smell. Will it go away after washing?"
Mia Diaz,mia.diaz@example.com,Favorite Purchase!,"Absolutely love this. I’ll be ordering more!"
Jacob Foster,jacob.foster@example.com,Website Bug,"I couldn’t add items to my cart. Please fix!"
Grace Morgan,grace.morgan@example.com,More Payment Options,"Can you add PayPal as a payment method?"
William Reed,william.reed@example.com,Wrong Address,"I accidentally entered the wrong shipping address. Can you update it?"
Avery Bell,avery.bell@example.com,Fast Shipping!,"Wow, that was quick! Thanks for the fast delivery."
Dylan Hughes,dylan.hughes@example.com,Highly Recommended,"Great experience! I’ll definitely recommend this to friends."
Sofia Perez,sofia.perez@example.com,First-Time Buyer,"First time shopping here and very happy with my order!"
Samuel Barnes,samuel.barnes@example.com,Color Looks Different,"The color looks slightly different in person. Still happy with it though!"
Lily Cook,lily.cook@example.com,Just Ordered!,"Excited to receive my package. Hope it arrives soon!"
Oliver Brooks,oliver.brooks@example.com,Late Night Shopping,"Loved that I could shop easily at midnight. Super convenient!"
Charlotte King,charlotte.king@example.com,Returning Customer,"This is my second order, and I’m just as happy as the first time!"
